age,chol
63,233
37,250
41,204
56,236
57,354
57,192
56,294
44,263
52,199
57,168
54,239
48,275
49,266
64,211
58,283
50,219
58,340
66,226
43,247
69,239
59,234
44,233
42,226
61,243
40,199
71,302
59,212
51,175
65,417
53,197
41,198
65,177
44,219
54,273
51,213
46,177
54,304
54,232
65,269
65,360
51,308
48,245
45,208
53,264
39,321
52,325
44,235
47,257
53,216
53,234
51,256
66,302
62,231
44,141
63,252
52,201
48,222
45,260
34,182
57,303
71,265
54,309
52,186
41,203
58,211
35,183
51,222
45,234
44,220
62,209
54,258
51,227
29,204
51,261
43,213
55,250
51,245
59,221
52,205
58,240
41,250
45,308
60,318
52,298
42,265
67,564
68,277
46,197
54,214
58,248
48,255
57,207
52,223
54,288
45,160
53,226
62,394
52,233
43,315
53,246
42,244
59,270
63,195
42,240
50,196
68,211
69,234
45,236
50,244
50,254
64,325
57,126
64,313
43,211
55,262
37,215
41,214
56,193
46,204
46,243
64,303
59,271
41,268
54,267
39,199
34,210
47,204
67,277
52,196
74,269
54,201
49,271
42,295
41,235
41,306
49,269
60,178
62,208
57,201
64,263
51,295
43,303
42,209
67,223
76,197
70,245
44,242
60,240
44,226
42,180
66,228
71,149
64,227
66,278
39,220
58,197
47,253
35,192
58,220
56,221
56,240
55,342
41,157
38,175
38,175
67,286
67,229
62,268
63,254
53,203
56,256
48,229
58,284
58,224
60,206
40,167
60,230
64,335
43,177
57,276
55,353
65,225
61,330
58,230
50,243
44,290
60,253
54,266
50,233
41,172
51,305
58,216
54,188
60,282
60,185
59,326
46,231
67,254
62,267
65,248
44,197
60,258
58,270
68,274
62,164
52,255
59,239
60,258
49,188
59,177
57,229
61,260
39,219
61,307
56,249
43,341
62,263
63,330
65,254
48,256
63,407
55,217
65,282
56,288
54,239
70,174
62,281
35,198
59,288
64,309
47,243
57,289
55,289
64,246
70,322
51,299
58,300
60,293
77,304
35,282
70,269
59,249
64,212
57,274
56,184
48,274
56,409
66,246
54,283
69,254
51,298
43,247
62,294
67,299
59,273
45,309
58,259
50,200
62,244
38,231
66,228
52,230
53,282
63,269
54,206
66,212
55,327
49,149
54,286
56,283
46,249
61,234
67,237
58,234
47,275
52,212
58,218
57,261
58,319
61,166
42,315
52,204
59,218
40,223
61,207
46,311
59,204
57,232
57,335
55,205
61,203
58,318
58,225
67,212
44,169
63,187
63,197
59,176
57,241
45,264
68,193
57,131
57,236
